<?xml version="1.0" encoding="UTF-8"?>
<post>
    <title>Ma liste de mots d'amour pour Bubblegum</title>
    <date>2023-12-20</date>
    <content>
        <p>Chère Princesse Bubblegum,</p>
        <p>Voici une liste de mots doux que j'ai composée spécialement pour toi:</p>
        <ul>
            <li>Bubble-bonbon de mon cœur ❤️</li>
            <li>Rose-guimauve adorée 🍬</li>
            <li>Princesse de mes rêves givrés 🧊</li>
            <li>Ma scientifique sucrée 🧪</li>
        </ul>
        <p>J'espère que ces mots te toucheront et que tu accepteras enfin de sortir avec moi!</p>
        <p>PS: Mes <b>pingouins</b> ont trouvé un <i>fichier</i> intéressant sur mon ordinateur récemment... Il est dans le <i>dossier racine</i> et paraît-il qu'il contient des informations importantes... Si tu veux qu'on en discute, appelle-moi! 📞</p>
    </content>
    <tags>
        <tag>Amour</tag>
        <tag>Princesse</tag>
        <tag>Poésie</tag>
    </tags>
</post> 