<?xml version="1.0" encoding="UTF-8"?>
<post>
    <title>Pourquoi les pingouins devraient régner sur Ooo</title>
    <date>2023-12-15</date>
    <content>
        <p>Salutations mes sujets glacés!</p>
        <p>Je pense que tout le monde devrait reconnaître la supériorité évidente de mes pingouins. Ils sont parfaits pour gouverner le royaume!</p>
        <img src="assets/images/penguin.png" alt="Un de mes fidèles pingouins" />
        <h3>Raisons pour lesquelles les pingouins sont supérieurs:</h3>
        <ul>
            <li>Ils sont mignons et ne me contredisent JAMAIS</li>
            <li>Gunter est particulièrement doué pour trouver des artefacts magiques</li>
            <li>Ils supportent le froid comme moi!</li>
            <li>Ils portent déjà un costume de soirée en permanence</li>
        </ul>
        <p>Je travaille actuellement sur un système de gouvernement où Gunter serait Premier Ministre et moi Roi Suprême. Bien sûr, j'aurai aussi une Reine à mes côtés... (avis aux princesses intéressées)</p>
    </content>
    <tags>
        <tag>Pingouins</tag>
        <tag>Politique</tag>
        <tag>Gunter</tag>
    </tags>
</post> 