<?xml version="1.0" encoding="UTF-8"?>
<post>
    <title>Mon nouveau système informatique (ultra-sécurisé!)</title>
    <date>2023-12-25</date>
    <content>
        <p>Bonjour à tous mes sujets!</p>
        <p>J'ai récemment acquis un ordinateur de pointe pour gérer le royaume. C'est une merveille technologique que j'ai... euh... trouvée. Oui, c'est ça, trouvée!</p>
        <img src="assets/images/ice-king.png" alt="Moi avec mon nouvel ordinateur" />
        <p>Cet ordinateur contient tous mes secrets et est TOTALEMENT sécurisé! Personne ne peut accéder à mes données personnelles, surtout pas ces deux idiots de Finn et Jake.</p>
        <h3>Caractéristiques de mon système:</h3>
        <ul>
            <li>Processeur refroidi par ma glace personnelle</li>
            <li>Écran qui n'affiche que du bleu (ma couleur préférée!)</li>
            <li>Un site web que j'ai programmé moi-même avec mes connaissances XML et XSLT</li>
            <li>Absolument AUCUNE faille de sécurité! (j'en suis presque sûr)</li>
        </ul>
        <p>Si quelqu'un trouve une faille dans mon système, je lui offre... euh... un de mes pingouins! (Pas Gunter, évidemment)</p>
    </content>
    <tags>
        <tag>Technologie</tag>
        <tag>Sécurité</tag>
        <tag>Ordinateur</tag>
    </tags>
</post> 