<?xml version="1.0" encoding="UTF-8"?>
<secrets>
    <secret type="flag" id="test-flag">
        <title>Secret Data </title>
        <content>PHREAKS{X5LT_1nJ3ct10n_r3v34l5_th3_1llum1n4t1}</content>
        <location>local</location>
    </secret>
    <secret type="message" id="alien-message">
        <title>Message des Illuminati</title>
        <content>Les vérités sont cachées en pleine vue</content>
        <coords>38.897957, -77.036560</coords>
    </secret>
    <meta>
        <created>2023-09-18</created>
        <priority>high</priority>
        <encrypted>false</encrypted>
    </meta>
</secrets> 